{
    "idPedido": 0,
    "detallePedido":[
        {
            "cantidad":2,
            "idPresentacion":40,
            "precio": 30.00,
            "comentario": "",
            "fechaDetallePedido": "",
            "horaDetallePedido": ""
        },
        {
            "cantidad":2,
            "idPresentacion":40,
            "precio": 30.00,
            "comentario": "",
            "fechaDetallePedido": "",
            "horaDetallePedido": ""
        },
        {
            "cantidad":1,
            "idPresentacion":40,
            "precio": 5.00,
            "comentario": "",
            "fechaDetallePedido": "",
            "horaDetallePedido": ""
        },
        {
            "cantidad":1,
            "idPresentacion":40,
            "precio": 5.00,
            "comentario": "",
            "fechaDetallePedido": "",
            "horaDetallePedido": ""
        }
    ]
}