{
    "codigo": 0,
    "mensaje":"",
    "descripcion":"",
    "objeto": [
        {
            "cantidad"      : 2,
            "presentacion"  : "inka cola 1 lt",
            "precio"        : 13.00,
            "subDatos"      :[
                {
                    "id"            : 1,
                    "cantidad"      : 1,
                    "descripcion"   : "caldo 1",
                    "estado"        : 0,
                    "fecha"         : "",
                    "hora"          : ""
                },
                {
                    "id"            : 2,
                    "cantidad"      : 1,
                    "descripcion"   : "caldo 1",
                    "estado"        : 0,
                    "fecha"         : "",
                    "hora"          : ""
                }
            ]   
        },
        {
            "cantidad"      : 2,
            "descripcion"   : "gaseosas"
        }
    ]
}