{
    "codigo": 0,
    "mensaje":"",
    "descripcion":"",
    "objeto": [
        {
            "id": 1,
            "descripcion": "'Mesa 1'",
            "estado": 0,
            "pedido": 0,
            "fechaPedido": "",
            "horaPedido": "",
            "items": 0,
            "cantidadPersonas": 0
        },
        {
            "id": 1,
            "descripcion": "'Mesa 1'",
            "estado": 0,
            "pedido": 0,
            "fechaPedido": "",
            "horaPedido": "",
            "items": 0,
            "cantidadPersonas": 0
        },
        {
            "id": 1,
            "descripcion": "'Mesa 1'",
            "estado": 0,
            "pedido": 0,
            "fechaPedido": "",
            "horaPedido": "",
            "items": 0,
            "cantidadPersonas": 0
        }
    ]
}