{
    "tipoDespacho":0,
    "idMoso": 0,
    "idMesa": 0,
    "idCliente": 0,
    "nombreCliente": "DESCRIPCION MESA - SI NO NOMBRE CLIENTE POR DEFECTO O CLIENTE",
    "detallePedido":[
        {
            "cantidad":2,
            "idPresentacion":40,
            "precio": 30.00,
            "comentario": "",
            "fechaDetallePedido": "",
            "horaDetallePedido": ""
        },
        {
            "cantidad":2,
            "idPresentacion":40,
            "precio": 30.00,
            "comentario": "",
            "fechaDetallePedido": "",
            "horaDetallePedido": ""
        },
        {
            "cantidad":1,
            "idPresentacion":40,
            "precio": 5.00,
            "comentario": "",
            "fechaDetallePedido": "",
            "horaDetallePedido": ""
        },
        {
            "cantidad":1,
            "idPresentacion":40,
            "precio": 5.00,
            "comentario": "",
            "fechaDetallePedido": "",
            "horaDetallePedido": ""
        }
    ]
}